{"cameraMode":{"drawMode":0,"name":"Shaded","section":"Shading Mode"},"sceneLighting":false,"audioPlay":false,"sceneViewState":{"showFog":true,"showMaterialUpdate":false,"showSkybox":false,"showFlares":true,"showImageEffects":true,"showParticleSystems":true},"in2DMode":false,"pivot":{"x":4.283775329589844,"y":-10.970235824584961,"z":24.260589599609376},"rotation":{"x":0.0515337809920311,"y":0.9011151194572449,"z":-0.11168158799409867,"w":0.41578203439712527},"size":4.11944580078125,"orthographic":false}