{"cameraMode":{"drawMode":0,"name":"Shaded","section":"Shading Mode"},"sceneLighting":true,"audioPlay":false,"sceneViewState":{"showFog":false,"showMaterialUpdate":false,"showSkybox":false,"showFlares":false,"showImageEffects":false,"showParticleSystems":false},"in2DMode":false,"pivot":{"x":3.1549057960510256,"y":0.4999997615814209,"z":6.30632209777832},"rotation":{"x":0.15562954545021058,"y":0.024873953312635423,"z":-0.003908231854438782,"w":0.9875187873840332},"size":11.155049324035645,"orthographic":false}