{"cameraMode":{"drawMode":0,"name":"Shaded","section":"Shading Mode"},"sceneLighting":false,"audioPlay":false,"sceneViewState":{"showFog":false,"showMaterialUpdate":false,"showSkybox":false,"showFlares":false,"showImageEffects":false,"showParticleSystems":false},"in2DMode":false,"pivot":{"x":-4.33989953994751,"y":-1.5684990882873536,"z":-2.1112799644470217},"rotation":{"x":0.13080856204032899,"y":-0.8056262135505676,"z":0.19358202815055848,"w":0.5444371700286865},"size":10.494606971740723,"orthographic":false}