{"cameraMode":{"drawMode":0,"name":"Shaded","section":"Shading Mode"},"sceneLighting":false,"audioPlay":false,"sceneViewState":{"showFog":false,"showMaterialUpdate":false,"showSkybox":false,"showFlares":false,"showImageEffects":false,"showParticleSystems":false},"in2DMode":false,"pivot":{"x":-16.170700073242189,"y":-4.095118045806885,"z":20.032329559326173},"rotation":{"x":0.16687147319316865,"y":0.5729743838310242,"z":-0.12050129473209381,"w":0.7933260202407837},"size":96.71287536621094,"orthographic":false}