{"cameraMode":{"drawMode":0,"name":"Shaded","section":"Shading Mode"},"sceneLighting":false,"audioPlay":false,"sceneViewState":{"showFog":false,"showMaterialUpdate":false,"showSkybox":false,"showFlares":false,"showImageEffects":false,"showParticleSystems":false},"in2DMode":false,"pivot":{"x":-2.9802322387695315e-8,"y":0.03582453727722168,"z":0.5249999761581421},"rotation":{"x":-0.20539700984954835,"y":0.5339980721473694,"z":0.13563291728496552,"w":0.8088850975036621},"size":5.438188076019287,"orthographic":false}