{"cameraMode":{"drawMode":0,"name":"Shaded","section":"Shading Mode"},"sceneLighting":false,"audioPlay":false,"sceneViewState":{"showFog":true,"showMaterialUpdate":false,"showSkybox":false,"showFlares":true,"showImageEffects":true,"showParticleSystems":true},"in2DMode":false,"pivot":{"x":-129.0091552734375,"y":72.25584411621094,"z":-49.30725860595703},"rotation":{"x":-0.07663607597351074,"y":0.3088057339191437,"z":0.024976523593068124,"w":0.9477096199989319},"size":35.71177673339844,"orthographic":false}