{"cameraMode":{"drawMode":0,"name":"Shaded","section":"Shading Mode"},"sceneLighting":false,"audioPlay":false,"sceneViewState":{"showFog":false,"showMaterialUpdate":false,"showSkybox":false,"showFlares":false,"showImageEffects":false,"showParticleSystems":false},"in2DMode":false,"pivot":{"x":-9.377425193786621,"y":-1.779137134552002,"z":-6.000107765197754},"rotation":{"x":-0.0030089132487773897,"y":-0.9788061380386353,"z":0.20434144139289857,"w":-0.014396954327821732},"size":25.89999008178711,"orthographic":false}